club_id,club_code,name,domestic_competition_id,total_market_value,squad_size,average_age,foreigners_number,foreigners_percentage,national_team_players,stadium_name,stadium_seats,net_transfer_record,coach_name,url
1032,fc-reading,Fc Reading,GB1,33.66,26,25.9,12,46.2,6,Select Car Leasing Stadium,24161,+£8.37m,Brian McDermott,https://www.transfermarkt.co.uk/fc-reading/startseite/verein/1032
2323,orduspor,Orduspor,TR1,,0,,0,,0,19 Eylül Stadyum,11024,+-0,Héctor Cúper,https://www.transfermarkt.co.uk/orduspor/startseite/verein/2323
1387,acn-siena-1904,Acn Siena 1904,IT1,4.32,30,26.2,6,20.0,2,Artemio Franchi,15373,£-6Th.,Serse Cosmi,https://www.transfermarkt.co.uk/acn-siena-1904/startseite/verein/1387
1071,wigan-athletic,Wigan Athletic,GB1,12.38,29,26.5,14,48.3,6,DW Stadium,25133,£-140Th.,Roberto Martínez,https://www.transfermarkt.co.uk/wigan-athletic/startseite/verein/1071
2703,spartak-vladikavkaz,Spartak Vladikavkaz,RU1,,1,20.0,0,,0,Republican Stadium Spartak,32464,+-0,Vladimir Gazzaev,https://www.transfermarkt.co.uk/spartak-vladikavkaz/startseite/verein/2703
142,real-saragossa,Real Saragossa,ES1,22.86,24,26.6,5,20.8,0,La Romareda,33068,+-0,Manolo Jiménez,https://www.transfermarkt.co.uk/real-saragossa/startseite/verein/142
566,beerschot-ac,Beerschot Ac,BE1,,0,,0,,0,Olympisch Stadion,12771,+-0,Adrie Koster,https://www.transfermarkt.co.uk/beerschot-ac/startseite/verein/566
1436,sc-beira-mar,Sc Beira Mar,PO1,135.0,22,27.5,9,40.9,0,Estádio Mário Duarte,12000,+-0,Ulisses Morais,https://www.transfermarkt.co.uk/sc-beira-mar/startseite/verein/1436
4750,sc-olhanense,Sc Olhanense,PO1,68.0,22,24.1,9,40.9,0,Estádio José Arcanjo,10080,+-0,Abel Xavier,https://www.transfermarkt.co.uk/sc-olhanense/startseite/verein/4750
23,eintracht-braunschweig,Eintracht Braunschweig,L1,6.48,27,24.9,3,11.1,0,EINTRACHT-Stadion,23325,+-0,Torsten Lieberknecht,https://www.transfermarkt.co.uk/eintracht-braunschweig/startseite/verein/23
2227,sk-tavriya-simferopol,Sk Tavriya Simferopol,UKR1,,0,,0,,0,RS Lokomotiv,19978,+-0,Giannis Christopoulos,https://www.transfermarkt.co.uk/sk-tavriya-simferopol/startseite/verein/2227
12438,volga-nizhniy-novgorod,Volga Nizhniy Novgorod,RU1,,0,,0,,0,Zentralstadion Lokomotiv,17856,+-0,Yuriy Kalitvintsev,https://www.transfermarkt.co.uk/volga-nizhniy-novgorod/startseite/verein/12438
2292,elazigspor,Elazigspor,TR1,563.0,40,23.2,0,,0,Elazığ Doğukent Stadı,2500,+£44Th.,Trond Sollied,https://www.transfermarkt.co.uk/elazigspor/startseite/verein/2292
1210,as-livorno,As Livorno,IT1,225.0,25,27.0,0,,0,Armando Picchi,19238,+-0,Davide Nicola,https://www.transfermarkt.co.uk/as-livorno/startseite/verein/1210
1627,catania-calcio,Catania Calcio,IT1,6.56,25,26.8,5,20.0,0,Cibali - Angelo Massimino,20016,+-0,Rolando Maran,https://www.transfermarkt.co.uk/catania-calcio/startseite/verein/1627
16245,fk-sevastopol,Fk Sevastopol,UKR1,,0,,0,,0,SK Sevastopol,5826,+-0,Oleg Kononov,https://www.transfermarkt.co.uk/fk-sevastopol/startseite/verein/16245
1423,fc-valenciennes,Fc Valenciennes,FR1,18.41,29,25.6,11,37.9,2,Stade du Hainaut,25000,+£1.35m,Daniel Sanchez,https://www.transfermarkt.co.uk/fc-valenciennes/startseite/verein/1423
750,fc-sochaux-montbeliard,Fc Sochaux Montbeliard,FR1,17.51,24,24.8,8,33.3,3,Stade Auguste-Bonal,20005,+£720Th.,Eric Hély,https://www.transfermarkt.co.uk/fc-sochaux-montbeliard/startseite/verein/750
1411,raec-mons,Raec Mons,BE1,,0,,0,,0,Charles Tondreau Stadion,12662,+-0,Enzo Scifo,https://www.transfermarkt.co.uk/raec-mons/startseite/verein/1411
993,fc-cordoba,Fc Cordoba,ES1,,24,27.1,3,12.5,0,Nuevo Arcángel,21822,+-0,Albert Ferrer,https://www.transfermarkt.co.uk/fc-cordoba/startseite/verein/993
20100,fc-vestsjaelland,Fc Vestsjaelland,DK1,,0,,0,,0,Harboe Arena,10000,+-0,Michael Hansen,https://www.transfermarkt.co.uk/fc-vestsjaelland/startseite/verein/20100
20698,balikesirspor,Balikesirspor,TR1,,23,22.6,1,4.3,0,Balıkesir Atatürk,15800,+-0,Ismail Ertekin,https://www.transfermarkt.co.uk/balikesirspor/startseite/verein/20698
6894,kayseri-erciyesspor,Kayseri Erciyesspor,TR1,,0,,0,,0,Kayseri Atatürk Spor Kompleksi Yan Açık Saha,2000,+-0,Hikmet Karaman,https://www.transfermarkt.co.uk/kayseri-erciyesspor/startseite/verein/6894
5572,niki-volou,Niki Volou,GR1,,28,26.7,9,32.1,2,Panthessaliko Stadio,22700,+-0,Wiljan Vloet,https://www.transfermarkt.co.uk/niki-volou/startseite/verein/5572
5220,gs-ergotelis,Gs Ergotelis,GR1,,3,23.0,0,,0,Pankritio Stadio,25780,+-0,Juan Ferrando,https://www.transfermarkt.co.uk/gs-ergotelis/startseite/verein/5220
1429,cesena-fc,Cesena Fc,IT1,,26,25.0,4,15.4,0,Orogel Stadium - Dino Manuzzi,23860,+€335k,Pierpaolo Bisoli,https://www.transfermarkt.co.uk/cesena-fc/startseite/verein/1429
2783,metalurg-donetsk,Metalurg Donetsk,UKR1,,0,,0,,0,Metalurg,5090,+-0,Volodymyr Pyatenko,https://www.transfermarkt.co.uk/metalurg-donetsk/startseite/verein/2783
1039,queens-park-rangers,Queens Park Rangers,GB1,,30,25.0,18,60.0,8,Loftus Road Stadium,18360,+€900k,Harry Redknapp,https://www.transfermarkt.co.uk/queens-park-rangers/startseite/verein/1039
14171,thonon-evian-grand-geneve-fc,Thonon Evian Grand Geneve Fc,FR1,,28,27.0,6,21.4,1,Stade Joseph-Moynat,3600,+-0,Pascal Dupraz,https://www.transfermarkt.co.uk/thonon-evian-grand-geneve-fc/startseite/verein/14171
3327,fc-penafiel,Fc Penafiel,PO1,,26,27.6,4,15.4,0,Estádio Municipal 25 de Abril,5230,+-0,Ricardo Chéu,https://www.transfermarkt.co.uk/fc-penafiel/startseite/verein/3327
68608,cf-os-belenenses,Cf Os Belenenses,PO1,,28,24.8,4,14.3,0,Estádio do Restelo,19980,+-0,Lito Vidigal,https://www.transfermarkt.co.uk/cf-os-belenenses/startseite/verein/68608
204,lierse-sk,Lierse Sk,BE1,,0,,0,,0,Herman Vanderpoortenstadion,14538,+-0,Stanley Menzo,https://www.transfermarkt.co.uk/lierse-sk/startseite/verein/204
1455,fc-dordrecht,Fc Dordrecht,NL1,,28,22.4,11,39.3,0,Matchoholic Stadion,4235,+-0,Ernie Brandts,https://www.transfermarkt.co.uk/fc-dordrecht/startseite/verein/1455
976,cf-uniao-madeira,Cf Uniao Madeira,PO1,,6,22.3,0,,0,Centro Desportivo da Madeira,2500,+-0,Luís Norton de Matos,https://www.transfermarkt.co.uk/cf-uniao-madeira/startseite/verein/976
11126,mordovia-saransk,Mordovia Saransk,RU1,,0,,0,,0,Mordovia Arena,44442,+-0,Andrey Gordeev,https://www.transfermarkt.co.uk/mordovia-saransk/startseite/verein/11126
3558,gfc-ajaccio,Gfc Ajaccio,FR1,585.0,22,23.9,2,9.1,0,Stade Ange-Casanova,4050,+-0,Thierry Laurey,https://www.transfermarkt.co.uk/gfc-ajaccio/startseite/verein/3558
6994,metalurg-zaporizhya-bis-2016-,Metalurg Zaporizhya Bis 2016 ,UKR1,,0,,0,,0,Slavutych Arena,11883,+-0,Anatoliy Chantsev,https://www.transfermarkt.co.uk/metalurg-zaporizhya-bis-2016-/startseite/verein/6994
6996,goverla-uzhgorod,Goverla Uzhgorod,UKR1,,0,,0,,0,Avangard,10640,+-0,Vyacheslav Groznyi,https://www.transfermarkt.co.uk/goverla-uzhgorod/startseite/verein/6996
28956,ael-kalloni,Ael Kalloni,GR1,,0,,0,,0,Stadio Mytilinis,4000,+-0,Thalis Theodoridis,https://www.transfermarkt.co.uk/ael-kalloni/startseite/verein/28956
4102,carpi-fc-1909,Carpi Fc 1909,IT1,1.24,31,22.8,6,19.4,0,Sandro Cabassi,5510,+£540Th.,Fabrizio Castori,https://www.transfermarkt.co.uk/carpi-fc-1909/startseite/verein/4102
7185,panthrakikos-komotini,Panthrakikos Komotini,GR1,,5,26.2,3,60.0,1,Stadio Komotinis OPAP,5601,+-0,José Manuel Roca,https://www.transfermarkt.co.uk/panthrakikos-komotini/startseite/verein/7185
3216,mersin-idmanyurdu,Mersin Idmanyurdu,TR1,,0,,0,,0,Mersin Stadyumu,25000,+-0,Mesut Bakkal,https://www.transfermarkt.co.uk/mersin-idmanyurdu/startseite/verein/3216
825,eskisehirspor,Eskisehirspor,TR1,1.1,21,21.2,2,9.5,0,Eskişehir Yeni Stadyum,34930,+£15Th.,Ilhan Mayakan,https://www.transfermarkt.co.uk/eskisehirspor/startseite/verein/825
6414,metalist-kharkiv,Metalist Kharkiv,UKR1,,0,,0,,0,OSK Metalist,38685,+-0,Oleksandr Sevidov,https://www.transfermarkt.co.uk/metalist-kharkiv/startseite/verein/6414
2439,kuban-krasnodar,Kuban Krasnodar,RU1,,0,,0,,0,Kuban Stadium,31654,+-0,Dmitri Khokhlov,https://www.transfermarkt.co.uk/kuban-krasnodar/startseite/verein/2439
2990,academica-coimbra,Academica Coimbra,PO1,4.91,30,26.2,12,40.0,2,Estádio Cidade de Coimbra,29744,+-0,José Viterbo,https://www.transfermarkt.co.uk/academica-coimbra/startseite/verein/2990
3691,tom-tomsk,Tom Tomsk,RU1,4.96,23,25.1,2,8.7,0,Trud,10028,+£156Th.,Valeri Petrakov,https://www.transfermarkt.co.uk/tom-tomsk/startseite/verein/3691
2451,inverness-caledonian-thistle-fc,Inverness Caledonian Thistle Fc,SC1,4.3,24,24.1,7,29.2,0,Tulloch Caledonian Stadium,7750,+£209Th.,Richie Foran,https://www.transfermarkt.co.uk/inverness-caledonian-thistle-fc/startseite/verein/2451
105,sv-darmstadt-98,Sv Darmstadt 98,L1,15.37,27,24.8,7,25.9,2,Merck-Stadion am Böllenfalltor,17400,+£270Th.,Norbert Meier,https://www.transfermarkt.co.uk/sv-darmstadt-98/startseite/verein/105
4482,volyn-lutsk,Volyn Lutsk,UKR1,1.73,26,21.9,1,3.8,0,Stadion Avangard,12080,+-0,Vitaliy Kvartsyanyi,https://www.transfermarkt.co.uk/volyn-lutsk/startseite/verein/4482
339,dnipro-dnipropetrovsk,Dnipro Dnipropetrovsk,UKR1,,0,,0,,0,Meteor,24381,+-0,Dmytro Mykhaylenko,https://www.transfermarkt.co.uk/dnipro-dnipropetrovsk/startseite/verein/339
4795,fc-ingolstadt-04,Fc Ingolstadt 04,L1,11.68,32,25.4,12,37.5,2,Audi Sportpark,15800,£-180Th.,Markus Kauczinski,https://www.transfermarkt.co.uk/fc-ingolstadt-04/startseite/verein/4795
6,adanaspor,Adanaspor,TR1,7.04,27,24.0,11,40.7,1,Yeni Adana Stadyumu,33000,+£270Th.,Engin Ipekoglu,https://www.transfermarkt.co.uk/adanaspor/startseite/verein/6
2079,veria-nps,Veria Nps,GR1,4.88,29,25.9,5,17.2,0,Dimotiko Stadio Verias,6350,+-0,Dimitrios Eleftheropoulos,https://www.transfermarkt.co.uk/veria-nps/startseite/verein/2079
524,gaziantepspor,Gaziantepspor,TR1,,0,,0,,0,Gaziantep Stadyumu,33502,+-0,Ismail Kartal,https://www.transfermarkt.co.uk/gaziantepspor/startseite/verein/524
2921,delfino-pescara-1936,Delfino Pescara 1936,IT1,5.38,28,24.5,6,21.4,1,Adriatico,20476,+£2.48m,Massimo Oddo,https://www.transfermarkt.co.uk/delfino-pescara-1936/startseite/verein/2921
47,iraklis-thessaloniki,Iraklis Thessaloniki,GR1,3.4,31,22.8,8,25.8,0,Kaftanzoglio Stadio,27770,+-0,Nikolaos Papadopoulos,https://www.transfermarkt.co.uk/iraklis-thessaloniki/startseite/verein/47
458,palermo-fc,Palermo Fc,IT1,4.39,25,26.2,4,16.0,0,"Comunale Renzo Barbera ""La Favorita""",36365,+£1.89m,Davide Ballardini,https://www.transfermarkt.co.uk/palermo-fc/startseite/verein/458
289,afc-sunderland,Afc Sunderland,GB1,16.79,27,24.9,13,48.1,3,Stadium of Light,48707,£-216Th.,Sam Allardyce,https://www.transfermarkt.co.uk/afc-sunderland/startseite/verein/289
641,fc-middlesbrough,Fc Middlesbrough,GB1,48.96,26,26.3,9,34.6,5,Riverside Stadium,33746,£-11.30m,Aitor Karanka,https://www.transfermarkt.co.uk/fc-middlesbrough/startseite/verein/641
3008,hull-city,Hull City,GB1,19.08,27,24.6,6,22.2,3,KCOM Stadium,24983,£-720Th.,Steve Bruce,https://www.transfermarkt.co.uk/hull-city/startseite/verein/3008
1159,as-nancy-lorraine,As Nancy Lorraine,FR1,16.88,30,24.2,16,53.3,4,Stade Marcel-Picot,20087,+-0,Pablo Correa,https://www.transfermarkt.co.uk/as-nancy-lorraine/startseite/verein/1159
2448,sporting-gijon,Sporting Gijon,ES1,25.52,26,25.6,6,23.1,4,El Molinón - Enrique Castro Quini,30000,£-225Th.,Abelardo,https://www.transfermarkt.co.uk/sporting-gijon/startseite/verein/2448
595,sc-bastia,Sc Bastia,FR1,8.96,28,27.7,7,25.0,2,Stade Armand-Cesari,16480,+-0,François Ciccolini,https://www.transfermarkt.co.uk/sc-bastia/startseite/verein/595
41,hamburger-sv,Hamburger Sv,L1,32.9,26,24.0,9,34.6,1,Volksparkstadion,57000,+£4.28m,Markus Gisdol,https://www.transfermarkt.co.uk/hamburger-sv/startseite/verein/41
3690,ska-khabarovsk,Ska Khabarovsk,RU1,7.09,27,25.2,4,14.8,2,Lenin Stadion,15200,£-28Th.,Aleksey Poddubskiy,https://www.transfermarkt.co.uk/ska-khabarovsk/startseite/verein/3690
192,roda-jc-kerkrade,Roda Jc Kerkrade,NL1,5.83,27,23.0,14,51.9,1,Parkstad Limburg Stadion,19979,+£158Th.,Robert Molenaar,https://www.transfermarkt.co.uk/roda-jc-kerkrade/startseite/verein/192
1084,fc-malaga,Fc Malaga,ES1,20.97,28,25.0,6,21.4,0,La Rosaleda,30044,+-0,Míchel,https://www.transfermarkt.co.uk/fc-malaga/startseite/verein/1084
8838,zirka-kropyvnytskyi,Zirka Kropyvnytskyi,UKR1,,1,23.0,0,,0,Zirka,14628,+-0,Roman Monarev,https://www.transfermarkt.co.uk/zirka-kropyvnytskyi/startseite/verein/8838
22110,fc-helsingor,Fc Helsingor,DK1,4.95,24,25.6,6,25.0,3,Helsingør Ny Stadion,4000,+-0,Christian Lönstrup,https://www.transfermarkt.co.uk/fc-helsingor/startseite/verein/22110
16247,pfk-stal-kamyanske,Pfk Stal Kamyanske,UKR1,,0,,0,,0,Obolon,5100,+-0,Eghishe Melikyan,https://www.transfermarkt.co.uk/pfk-stal-kamyanske/startseite/verein/16247
2944,ankaraspor,Ankaraspor,TR1,2.75,30,25.5,2,6.7,0,Osmanlı Stadı,19626,+£172Th.,Bülent Uygun,https://www.transfermarkt.co.uk/ankaraspor/startseite/verein/2944
1506,kardemir-karabukspor,Kardemir Karabukspor,TR1,,22,20.5,0,,0,Dr. Necmettin Şeyhoğlu,12400,+-0,Erkan Sözeri,https://www.transfermarkt.co.uk/kardemir-karabukspor/startseite/verein/1506
21957,ao-platanias,Ao Platanias,GR1,,0,,0,,0,Dimotiko Gipedo Perivolia,3700,+-0,Georgios Paraschos,https://www.transfermarkt.co.uk/ao-platanias/startseite/verein/21957
5219,aok-kerkyra,Aok Kerkyra,GR1,,7,22.1,2,28.6,0,Ethniko Stadio Kerkyras,3000,+-0,Dimitrios Eleftheropoulos,https://www.transfermarkt.co.uk/aok-kerkyra/startseite/verein/5219
2760,partick-thistle-fc,Partick Thistle Fc,SC1,4.3,21,26.5,2,9.5,0,The Energy Check Stadium at Firhill,10102,+-0,Alan Archibald,https://www.transfermarkt.co.uk/partick-thistle-fc/startseite/verein/2760
897,deportivo-la-coruna,Deportivo La Coruna,ES1,6.95,24,26.2,3,12.5,0,Riazor,32912,+£1.53m,Pepe Mel,https://www.transfermarkt.co.uk/deportivo-la-coruna/startseite/verein/897
472,ud-las-palmas,Ud Las Palmas,ES1,20.7,27,25.9,6,22.2,1,Estadio de Gran Canaria,32400,+£1.30m,Manolo Márquez,https://www.transfermarkt.co.uk/ud-las-palmas/startseite/verein/472
512,stoke-city,Stoke City,GB1,53.55,29,26.1,14,48.3,7,bet365 Stadium,30089,+£8.42m,Mark Hughes,https://www.transfermarkt.co.uk/stoke-city/startseite/verein/512
2288,swansea-city,Swansea City,GB1,35.06,23,24.8,21,91.3,3,Liberty Stadium,21088,£-761Th.,Paul Clement,https://www.transfermarkt.co.uk/swansea-city/startseite/verein/2288
40426,fk-tosno,Fk Tosno,RU1,,0,,0,,0,Petrovsky,20985,+-0,Dmitri Parfenov,https://www.transfermarkt.co.uk/fk-tosno/startseite/verein/40426
4128,amkar-perm,Amkar Perm,RU1,3.67,27,24.1,0,,0,Zvezda,17000,+-0,Gadzhi Gadzhiev,https://www.transfermarkt.co.uk/amkar-perm/startseite/verein/4128
498,ksc-lokeren,Ksc Lokeren,BE1,,0,,0,,0,Daknamstadion,12000,+-0,Peter Maes,https://www.transfermarkt.co.uk/ksc-lokeren/startseite/verein/498
2700,anzhi-makhachkala,Anzhi Makhachkala,RU1,2.52,27,20.7,0,,0,RDYuSSh MinObrNauki RD Politekh Makhachkala,1600,+£22Th.,Magomed Adiev,https://www.transfermarkt.co.uk/anzhi-makhachkala/startseite/verein/2700
642,de-graafschap-doetinchem,De Graafschap Doetinchem,NL1,6.23,27,24.1,2,7.4,1,De Vijverberg,12600,+-0,Henk de Jong,https://www.transfermarkt.co.uk/de-graafschap-doetinchem/startseite/verein/642
19657,vendsyssel-ff,Vendsyssel Ff,DK1,4.05,25,25.1,9,36.0,0,Nord Energi Arena,10000,£-90Th.,Jens Berthel Askou,https://www.transfermarkt.co.uk/vendsyssel-ff/startseite/verein/19657
862,chievo-verona,Chievo Verona,IT1,,0,,0,,0,Marcantonio Bentegodi,31045,+£90Th.,Lorenzo D'Anna,https://www.transfermarkt.co.uk/chievo-verona/startseite/verein/862
8970,frosinone-calcio,Frosinone Calcio,IT1,16.94,30,24.8,11,36.7,1,Benito Stirpe,16227,+£6.49m,Moreno Longo,https://www.transfermarkt.co.uk/frosinone-calcio/startseite/verein/8970
19771,akhisarspor,Akhisarspor,TR1,1.35,30,22.0,2,6.7,0,Spor Toto Akhisar Stadyumu,12139,+£108Th.,Safet Susic,https://www.transfermarkt.co.uk/akhisarspor/startseite/verein/19771
20,bursaspor,Bursaspor,TR1,7.99,31,23.8,9,29.0,2,Bitci Timsah Park,43331,+£2.49m,Samet Aybaba,https://www.transfermarkt.co.uk/bursaspor/startseite/verein/20
9007,arsenal-kiew,Arsenal Kiew,UKR1,,0,,0,,0,NSK Olimpisky,70050,+-0,Fabrizio Ravanelli,https://www.transfermarkt.co.uk/arsenal-kiew/startseite/verein/9007
132,nac-breda,Nac Breda,NL1,6.44,29,23.6,9,31.0,5,Rat Verlegh Stadion,19000,+£819Th.,Jo Jansen,https://www.transfermarkt.co.uk/nac-breda/startseite/verein/132
855,ea-guingamp,Ea Guingamp,FR1,15.71,26,24.4,7,26.9,4,Stade du Roudourou,18120,+£1.18m,Antoine Kombouaré,https://www.transfermarkt.co.uk/ea-guingamp/startseite/verein/855
603,cardiff-city,Cardiff City,GB1,28.44,24,25.6,20,83.3,5,Cardiff City Stadium,33280,+£4.68m,Neil Warnock,https://www.transfermarkt.co.uk/cardiff-city/startseite/verein/603
1162,sm-caen,Sm Caen,FR1,18.14,25,26.1,9,36.0,2,Stade Michel-d'Ornano,20500,+£5.85m,Fabien Mercadal,https://www.transfermarkt.co.uk/sm-caen/startseite/verein/1162
1110,huddersfield-town,Huddersfield Town,GB1,33.89,27,26.1,10,37.0,2,John Smith's Stadium,24500,+£2.07m,David Wagner,https://www.transfermarkt.co.uk/huddersfield-town/startseite/verein/1110
3714,enisey-krasnoyarsk,Enisey Krasnoyarsk,RU1,7.25,32,26.1,2,6.3,1,Zentralstadion Krasnoyarsk,15000,+£900,Dmitri Alenichev,https://www.transfermarkt.co.uk/enisey-krasnoyarsk/startseite/verein/3714
42,hannover-96,Hannover 96,L1,18.79,24,26.9,8,33.3,1,HDI-Arena,49000,+£2.84m,André Breitenreiter,https://www.transfermarkt.co.uk/hannover-96/startseite/verein/42
4,1-fc-nurnberg,1 Fc Nurnberg,L1,22.93,28,25.3,5,17.9,1,Max-Morlock-Stadion,50000,+£1.58m,Michael Köllner,https://www.transfermarkt.co.uk/1-fc-nurnberg/startseite/verein/4
3349,cd-feirense,Cd Feirense,PO1,4.79,29,24.6,17,58.6,3,Estádio Marcolino de Castro,5401,+£1.08m,Nuno Manta Santos,https://www.transfermarkt.co.uk/cd-feirense/startseite/verein/3349
169,panionios-athen,Panionios Athen,GR1,1.62,28,23.0,7,25.0,0,Stadio Neas Smyrnis,11700,+-0,Apostolos Mantzios,https://www.transfermarkt.co.uk/panionios-athen/startseite/verein/169
19,brescia-calcio,Brescia Calcio,IT1,32.4,29,25.6,14,48.3,3,Mario Rigamonti,19550,+£11.75m,Eugenio Corini,https://www.transfermarkt.co.uk/brescia-calcio/startseite/verein/19
2722,spal,Spal,IT1,23.78,32,25.9,9,28.1,2,Paolo Mazza,16134,+£9.50m,Leonardo Semplici,https://www.transfermarkt.co.uk/spal/startseite/verein/2722
128,ao-xanthi,Ao Xanthi,GR1,5.36,30,26.3,8,26.7,1,Xanthi Arena,7361,+-0,Kiko Ramírez,https://www.transfermarkt.co.uk/ao-xanthi/startseite/verein/128
5818,hobro-ik,Hobro Ik,DK1,3.6,29,24.2,4,13.8,1,DS Arena,7500,+£241Th.,Peter Sörensen,https://www.transfermarkt.co.uk/hobro-ik/startseite/verein/5818
3426,esbjerg-fb,Esbjerg Fb,DK1,6.26,35,22.0,15,42.9,5,Blue Water Arena,16942,+-0,John Lammers,https://www.transfermarkt.co.uk/esbjerg-fb/startseite/verein/3426
2477,karpaty-lviv,Karpaty Lviv,UKR1,,0,,0,,0,Stadion Ukraina,28051,+-0,Oleksandr Chyzhevskyi,https://www.transfermarkt.co.uk/karpaty-lviv/startseite/verein/2477
1244,cd-leganes,Cd Leganes,ES1,32.85,28,27.5,8,28.6,3,Municipal de Butarque,12454,+£2.25m,Mauricio Pellegrino,https://www.transfermarkt.co.uk/cd-leganes/startseite/verein/1244
38,fortuna-dusseldorf,Fortuna Dusseldorf,L1,22.95,28,26.3,8,28.6,3,MERKUR SPIEL-ARENA,54600,£-1.64m,Friedhelm Funkel,https://www.transfermarkt.co.uk/fortuna-dusseldorf/startseite/verein/38
1416,amiens-sc,Amiens Sc,FR1,20.97,27,24.7,13,48.1,6,Stade Crédit Agricole la Licorne,12999,+£5.06m,Luka Elsner,https://www.transfermarkt.co.uk/amiens-sc/startseite/verein/1416
127,sc-paderborn-07,Sc Paderborn 07,L1,15.48,30,24.9,8,26.7,3,Benteler-Arena,15000,+£3.87m,Steffen Baumgart,https://www.transfermarkt.co.uk/sc-paderborn-07/startseite/verein/127
1085,vitoria-setubal-fc,Vitoria Setubal Fc,PO1,2.59,27,25.9,8,29.6,3,Estádio do Bonfim,18642,+-0,Sandro Mendes,https://www.transfermarkt.co.uk/vitoria-setubal-fc/startseite/verein/1085
3336,desportivo-aves,Desportivo Aves,PO1,,0,,0,,0,Estádio CD das Aves,5441,+-0,Augusto Inácio,https://www.transfermarkt.co.uk/desportivo-aves/startseite/verein/3336
982,cd-nacional,Cd Nacional,PO1,7.34,29,26.7,14,48.3,3,Estádio da Madeira,5586,+£720Th.,Luis Antonio Zaluar,https://www.transfermarkt.co.uk/cd-nacional/startseite/verein/982
29228,royal-excel-mouscron,Royal Excel Mouscron,BE1,4.21,28,25.9,15,53.6,3,Le Canonnier,10830,+-0,Fernando Da Cruz,https://www.transfermarkt.co.uk/royal-excel-mouscron/startseite/verein/29228
1160,nimes-olympique,Nimes Olympique,FR1,27.95,25,24.0,12,48.0,7,Stade des Costières,18364,+£5.22m,Jérôme Arpinon,https://www.transfermarkt.co.uk/nimes-olympique/startseite/verein/1160
1426,vvv-venlo,Vvv Venlo,NL1,6.28,27,22.1,7,25.9,0,Covebo Stadion - De Koel,8000,+£2.25m,Hans de Koning,https://www.transfermarkt.co.uk/vvv-venlo/startseite/verein/1426
23611,olimpik-donetsk,Olimpik Donetsk,UKR1,,0,,0,,0,NTK im. B. M. Bannikova,1678,+-0,Igor Klymovskyi,https://www.transfermarkt.co.uk/olimpik-donetsk/startseite/verein/23611
2999,hamilton-academical-fc,Hamilton Academical Fc,SC1,5.94,28,22.8,7,25.0,1,Fountain of Youth Stadium,6018,+-0,Brian Rice,https://www.transfermarkt.co.uk/hamilton-academical-fc/startseite/verein/2999
833,denizlispor,Denizlispor,TR1,4.43,32,26.1,8,25.0,1,Denizli Atatürk Stadı,18745,+-0,Robert Prosinecki,https://www.transfermarkt.co.uk/denizlispor/startseite/verein/833
39722,buyuksehir-belediye-erzurumspor,Buyuksehir Belediye Erzurumspor,TR1,6.1,28,27.6,10,35.7,3,Erzurum Kazım Karabekir,23700,+-0,Mehmet Özdilek,https://www.transfermarkt.co.uk/buyuksehir-belediye-erzurumspor/startseite/verein/39722
4171,benevento-calcio,Benevento Calcio,IT1,27.05,28,26.1,8,28.6,3,Ciro Vigorito,16867,+£1.53m,Filippo Inzaghi,https://www.transfermarkt.co.uk/benevento-calcio/startseite/verein/4171
4083,fc-crotone,Fc Crotone,IT1,18.83,29,24.1,13,44.8,5,Ezio Scida,16640,+£6.30m,Giovanni Stroppa,https://www.transfermarkt.co.uk/fc-crotone/startseite/verein/4083
130,parma-calcio-1913,Parma Calcio 1913,IT1,51.84,35,25.3,24,68.6,3,Ennio Tardini,22352,£-19.06m,Roberto D'Aversa,https://www.transfermarkt.co.uk/parma-calcio-1913/startseite/verein/130
820,genclerbirligi-ankara,Genclerbirligi Ankara,TR1,7.13,28,24.0,8,28.6,0,Eryaman Stadyumu,20560,+-0,Mert Nobre,https://www.transfermarkt.co.uk/genclerbirligi-ankara/startseite/verein/820
4603,ae-larisa,Ae Larisa,GR1,5.24,35,23.8,7,20.0,1,Stadio Alkazar,13108,+£1.53m,Michalis Grigoriou,https://www.transfermarkt.co.uk/ae-larisa/startseite/verein/4603
1268,ado-den-haag,Ado Den Haag,NL1,5.38,28,23.3,5,17.9,0,Cars Jeans Stadion,15000,+£1.04m,Aleksandar Rankovic,https://www.transfermarkt.co.uk/ado-den-haag/startseite/verein/1268
984,west-bromwich-albion,West Bromwich Albion,GB1,77.9,26,26.3,9,34.6,6,The Hawthorns,26850,+£11.20m,Slaven Bilic,https://www.transfermarkt.co.uk/west-bromwich-albion/startseite/verein/984
1533,sd-eibar,Sd Eibar,ES1,26.82,25,28.9,5,20.0,0,Ipurua,8164,£-3.69m,José Luis Mendilibar,https://www.transfermarkt.co.uk/sd-eibar/startseite/verein/1533
5358,sd-huesca,Sd Huesca,ES1,26.64,24,27.6,6,25.0,3,El Alcoraz,9128,+£4.14m,Míchel,https://www.transfermarkt.co.uk/sd-huesca/startseite/verein/5358
350,sheffield-united,Sheffield United,GB1,84.69,25,27.0,11,44.0,7,Bramall Lane,32702,+£25.20m,Chris Wilder,https://www.transfermarkt.co.uk/sheffield-united/startseite/verein/350
2969,dijon-fco,Dijon Fco,FR1,16.61,24,27.0,11,45.8,4,Stade Gaston-Gérard,16098,+£3.38m,Stéphane Jobard,https://www.transfermarkt.co.uk/dijon-fco/startseite/verein/2969
28643,waasland-beveren,Waasland Beveren,BE1,8.21,27,25.5,14,51.9,2,Freethielstadion,13290,+£1.26m,Nicky Hayen,https://www.transfermarkt.co.uk/waasland-beveren/startseite/verein/28643
3609,rotor-volgograd,Rotor Volgograd,RU1,7.72,24,25.0,3,12.5,1,Volgograd Arena,45568,£-54Th.,Aleksandr Khatskevich,https://www.transfermarkt.co.uk/rotor-volgograd/startseite/verein/3609
41201,pfk-tambov,Pfk Tambov,RU1,,0,,0,,0,Mordovia Arena,44149,+-0,Sergey Pervushin,https://www.transfermarkt.co.uk/pfk-tambov/startseite/verein/41201
4294,sc-farense,Sc Farense,PO1,6.77,30,25.2,19,63.3,3,Estádio São Luís,15000,+£315Th.,Sérgio Vieira,https://www.transfermarkt.co.uk/sc-farense/startseite/verein/4294
347,fc-metz,Fc Metz,FR1,70.16,31,25.5,18,58.1,7,Stade Saint-Symphorien,26700,+£17.10m,László Bölöni,https://www.transfermarkt.co.uk/fc-metz/startseite/verein/347
65,spvgg-greuther-furth,Spvgg Greuther Furth,L1,28.89,28,24.9,11,39.3,2,Sportpark Ronhof | Thomas Sommer,16626,+£1.94m,Stefan Leitl,https://www.transfermarkt.co.uk/spvgg-greuther-furth/startseite/verein/65
511,dundee-fc,Dundee Fc,SC1,6.21,27,26.7,9,33.3,1,Kilmac Stadium at Dens Park,11850,+-0,Gary Bowyer,https://www.transfermarkt.co.uk/dundee-fc/startseite/verein/511
443,vejle-boldklub,Vejle Boldklub,DK1,7.38,26,23.8,19,73.1,3,Vejle Stadion,10418,+£3.02m,Ivan Prelec,https://www.transfermarkt.co.uk/vejle-boldklub/startseite/verein/443
1132,fc-burnley,Fc Burnley,GB1,114.66,26,29.6,12,46.2,9,Turf Moor,21994,£-4.86m,Mike Jackson,https://www.transfermarkt.co.uk/fc-burnley/startseite/verein/1132
19789,yeni-malatyaspor,Yeni Malatyaspor,TR1,8.64,26,23.8,10,38.5,4,Yeni Malatya Stadyumu,25745,£-2.02m,Cihat Arslan,https://www.transfermarkt.co.uk/yeni-malatyaspor/startseite/verein/19789
441,apollon-smyrnis,Apollon Smyrnis,GR1,5.45,32,29.0,20,62.5,1,"Gipedo Rizoupolis ""Georgios Kamaras""",14200,+-0,Babis Tennes,https://www.transfermarkt.co.uk/apollon-smyrnis/startseite/verein/441
607,venezia-fc,Venezia Fc,IT1,64.78,30,26.8,21,70.0,10,Pier Luigi Penzo,11150,£-19.70m,Ivan Javorcic,https://www.transfermarkt.co.uk/venezia-fc/startseite/verein/607
2375,altay-sk,Altay Sk,TR1,11.0,29,27.6,11,37.9,4,Alsancak Mustafa Denizli Stadı,15000,£-2.35m,Sinan Kaloglu,https://www.transfermarkt.co.uk/altay-sk/startseite/verein/2375
1467,goztepe,Goztepe,TR1,16.9,29,25.5,11,37.9,3,Gürsel Aksel Stadyumu,19713,+£2.05m,Serdar Sabuncu,https://www.transfermarkt.co.uk/goztepe/startseite/verein/1467
126,caykur-rizespor,Caykur Rizespor,TR1,17.89,25,27.0,11,44.0,5,Çaykur Didi,15332,+-0,Bülent Korkmaz,https://www.transfermarkt.co.uk/caykur-rizespor/startseite/verein/126
1390,cagliari-calcio,Cagliari Calcio,IT1,95.9,27,26.3,12,44.4,6,Unipol Domus,16416,£-6.48m,Fabio Liverani,https://www.transfermarkt.co.uk/cagliari-calcio/startseite/verein/1390
252,genua-cfc,Genua Cfc,IT1,88.52,32,25.7,17,53.1,8,Luigi Ferraris,34901,£-18.36m,Alexander Blessin,https://www.transfermarkt.co.uk/genua-cfc/startseite/verein/252
5817,sonderjyske,Sonderjyske,DK1,8.21,28,24.6,13,46.4,4,Sydbank Park,10000,£-139Th.,Henrik Hansen,https://www.transfermarkt.co.uk/sonderjyske/startseite/verein/5817
16239,desna-chernigiv,Desna Chernigiv,UKR1,2.81,15,25.2,2,13.3,0,Stadion im. Yuriya Gagarina,12060,+£450Th.,Oleksandr Ryabokon,https://www.transfermarkt.co.uk/desna-chernigiv/startseite/verein/16239
6993,fk-mariupol,Fk Mariupol,UKR1,4.86,18,22.4,0,,0,Stadion im. Volodymyra Boyko,12680,+-0,Ostap Markevych,https://www.transfermarkt.co.uk/fk-mariupol/startseite/verein/6993
1123,norwich-city,Norwich City,GB1,125.19,37,25.1,23,62.2,15,Carrow Road,27244,£-23.09m,Dean Smith,https://www.transfermarkt.co.uk/norwich-city/startseite/verein/1123
1010,fc-watford,Fc Watford,GB1,131.22,34,27.4,29,85.3,18,Vicarage Road,21577,£-27.59m,Roy Hodgson,https://www.transfermarkt.co.uk/fc-watford/startseite/verein/1010
1108,deportivo-alaves,Deportivo Alaves,ES1,51.66,26,27.2,7,26.9,2,Mendizorrotza,19840,+£2.12m,Luis García,https://www.transfermarkt.co.uk/deportivo-alaves/startseite/verein/1108
16795,fc-granada,Fc Granada,ES1,80.46,29,27.8,13,44.8,4,Nuevo Los Cármenes,19336,£-12.11m,Aitor Karanka,https://www.transfermarkt.co.uk/fc-granada/startseite/verein/16795
10,arminia-bielefeld,Arminia Bielefeld,L1,51.44,25,25.0,16,64.0,5,SchücoArena,26515,£-8.45m,Marco Kostmann,https://www.transfermarkt.co.uk/arminia-bielefeld/startseite/verein/10
41274,beerschot-v-a-,Beerschot V A ,BE1,13.41,26,25.9,15,57.7,2,Olympisch Stadion,12771,£-2.01m,Greg Vanderidt,https://www.transfermarkt.co.uk/beerschot-v-a-/startseite/verein/41274
979,moreirense-fc,Moreirense Fc,PO1,10.17,26,26.9,18,69.2,2,E. C. J. de Almeida Freitas,6153,+£5.58m,Ricardo Sá Pinto,https://www.transfermarkt.co.uk/moreirense-fc/startseite/verein/979
2457,belenenses-sad,Belenenses Sad,PO1,11.7,28,25.1,14,50.0,4,Estádio das Seixas,12500,+£2.03m,Franclim Carvalho,https://www.transfermarkt.co.uk/belenenses-sad/startseite/verein/2457
3368,ud-levante,Ud Levante,ES1,66.51,28,28.5,9,32.1,4,Ciutat de València,25354,£-1.13m,Mehdi Nafti,https://www.transfermarkt.co.uk/ud-levante/startseite/verein/3368
403,willem-ii-tilburg,Willem Ii Tilburg,NL1,12.13,27,24.8,17,63.0,0,Koning Willem II Stadion,14700,+£3.65m,Kevin Hofland,https://www.transfermarkt.co.uk/willem-ii-tilburg/startseite/verein/403
1269,pec-zwolle,Pec Zwolle,NL1,12.22,30,24.6,12,40.0,3,MAC³PARK stadion,14000,+-0,Dick Schreuder,https://www.transfermarkt.co.uk/pec-zwolle/startseite/verein/1269
1304,heracles-almelo,Heracles Almelo,NL1,13.61,32,23.5,22,68.8,1,Erve Asito,12080,+£45Th.,René Kolmschot,https://www.transfermarkt.co.uk/heracles-almelo/startseite/verein/1304
7179,cd-tondela,Cd Tondela,PO1,17.51,27,24.8,18,66.7,5,Estádio João Cardoso,5000,+£378Th.,Nuno Campos,https://www.transfermarkt.co.uk/cd-tondela/startseite/verein/7179
3729,arsenal-tula,Arsenal Tula,RU1,15.37,25,28.2,6,24.0,3,Arsenal,19241,+£2.21m,Oleg Kononov,https://www.transfermarkt.co.uk/arsenal-tula/startseite/verein/3729
2698,rubin-kazan,Rubin Kazan,RU1,24.35,22,25.0,4,18.2,4,Ak Bars Arena,45379,+£2.62m,Leonid Slutski,https://www.transfermarkt.co.uk/rubin-kazan/startseite/verein/2698
28095,fk-ufa,Fk Ufa,RU1,15.35,24,26.6,7,29.2,2,BetBoom Arena,15132,+£419Th.,Sergey Tomarov,https://www.transfermarkt.co.uk/fk-ufa/startseite/verein/28095
40,fc-girondins-bordeaux,Fc Girondins Bordeaux,FR1,75.51,31,25.2,19,61.3,11,Matmut Atlantique,42052,+£7.47m,David Guion,https://www.transfermarkt.co.uk/fc-girondins-bordeaux/startseite/verein/40
618,as-saint-etienne,As Saint Etienne,FR1,86.67,29,25.3,15,51.7,8,Stade Geoffroy-Guichard,42000,£-540Th.,Laurent Batlles,https://www.transfermarkt.co.uk/as-saint-etienne/startseite/verein/618
3325,gd-chaves,Gd Chaves,PO1,,27,26.1,17,63.0,3,Estádio Municipal Eng.º Manuel Branco Teixeira,9000,+€4.50m,,https://www.transfermarkt.co.uk/gd-chaves/startseite/verein/3325
1083,fk-rostov,Fk Rostov,RU1,,26,24.4,3,11.5,7,Rostov Arena,45415,€-3.85m,,https://www.transfermarkt.co.uk/fk-rostov/startseite/verein/1083
1186,torpedo-moskau,Torpedo Moskau,RU1,,28,26.8,9,32.1,4,Luzhniki Stadium,81000,€-3.16m,,https://www.transfermarkt.co.uk/torpedo-moskau/startseite/verein/1186
1124,fakel-voronezh,Fakel Voronezh,RU1,,25,27.2,2,8.0,0,Central Stadium of Profsoyuzes,21793,€-120k,,https://www.transfermarkt.co.uk/fakel-voronezh/startseite/verein/1124
2410,zska-moskau,Zska Moskau,RU1,,23,25.0,8,34.8,6,VEB Arena,30114,€-4.72m,,https://www.transfermarkt.co.uk/zska-moskau/startseite/verein/2410
244,olympique-marseille,Olympique Marseille,FR1,,22,26.3,16,72.7,13,Orange Vélodrome,67394,€-77.93m,,https://www.transfermarkt.co.uk/olympique-marseille/startseite/verein/244
1147,ac-ajaccio,Ac Ajaccio,FR1,,29,28.5,15,51.7,6,Stade François-Coty,10446,+€300k,,https://www.transfermarkt.co.uk/ac-ajaccio/startseite/verein/1147
2687,fc-cadiz,Fc Cadiz,ES1,,29,28.7,9,31.0,3,Nuevo Mirandilla,21094,€-8.50m,,https://www.transfermarkt.co.uk/fc-cadiz/startseite/verein/2687
369,lyngby-bk,Lyngby Bk,DK1,,31,23.7,7,22.6,3,Lyngby Stadion,10000,+€1.68m,,https://www.transfermarkt.co.uk/lyngby-bk/startseite/verein/369
1519,dundee-united-fc,Dundee United Fc,SC1,,23,25.7,11,47.8,5,Tannadice Park,14223,€-355k,,https://www.transfermarkt.co.uk/dundee-united-fc/startseite/verein/1519
2414,ac-horsens,Ac Horsens,DK1,,23,25.4,9,39.1,4,Nordstern Arena Horsens,10400,+€900k,,https://www.transfermarkt.co.uk/ac-horsens/startseite/verein/2414
18105,pfk-lviv,Pfk Lviv,UKR1,,22,24.9,2,9.1,0,Stadion SKIF,3742,+€100k,,https://www.transfermarkt.co.uk/pfk-lviv/startseite/verein/18105
553,ionikos-nikeas,Ionikos Nikeas,GR1,,28,28.6,16,57.1,1,Dimotiko Gipedo Neapolis,6000,+-0,,https://www.transfermarkt.co.uk/ionikos-nikeas/startseite/verein/553
932,lokomotiv-moskau,Lokomotiv Moskau,RU1,,27,24.4,5,18.5,7,RZD Arena,27084,€-4.80m,,https://www.transfermarkt.co.uk/lokomotiv-moskau/startseite/verein/932
1038,sampdoria-genua,Sampdoria Genua,IT1,,29,26.3,17,58.6,6,Luigi Ferraris,36348,+€28.60m,,https://www.transfermarkt.co.uk/sampdoria-genua/startseite/verein/1038
989,afc-bournemouth,Afc Bournemouth,GB1,,27,26.3,16,59.3,12,Vitality Stadium,11329,€-83.10m,,https://www.transfermarkt.co.uk/afc-bournemouth/startseite/verein/989
1063,viborg-ff,Viborg Ff,DK1,,24,23.5,12,50.0,2,Viborg Stadion,9566,+€2.67m,,https://www.transfermarkt.co.uk/viborg-ff/startseite/verein/1063
2239,us-cremonese,Us Cremonese,IT1,,26,25.8,12,46.2,6,Giovanni Zini,16003,€-31.80m,,https://www.transfermarkt.co.uk/us-cremonese/startseite/verein/2239
1283,fc-emmen,Fc Emmen,NL1,,31,25.7,13,41.9,2,De Oude Meerdijk,8309,+-0,,https://www.transfermarkt.co.uk/fc-emmen/startseite/verein/1283
467,nec-nijmegen,Nec Nijmegen,NL1,,26,23.9,9,34.6,2,Goffertstadion,12500,€-1.00m,,https://www.transfermarkt.co.uk/nec-nijmegen/startseite/verein/467
724,fc-volendam,Fc Volendam,NL1,,29,22.4,13,44.8,0,Kras Stadion,7384,+-0,,https://www.transfermarkt.co.uk/fc-volendam/startseite/verein/724
202,fc-groningen,Fc Groningen,NL1,,27,22.9,16,59.3,5,Euroborg,22555,+€15.47m,,https://www.transfermarkt.co.uk/fc-groningen/startseite/verein/202
468,sparta-rotterdam,Sparta Rotterdam,NL1,,24,25.8,10,41.7,1,"Sparta-stadion ""Het Kasteel""",11026,+€4.19m,,https://www.transfermarkt.co.uk/sparta-rotterdam/startseite/verein/468
317,fc-twente-enschede,Fc Twente Enschede,NL1,,24,25.2,10,41.7,4,De Grolsch Veste,30205,€-500k,,https://www.transfermarkt.co.uk/fc-twente-enschede/startseite/verein/317
200,fc-utrecht,Fc Utrecht,NL1,,29,25.4,13,44.8,3,"Stadion ""Galgenwaard""",23750,+€8.80m,,https://www.transfermarkt.co.uk/fc-utrecht/startseite/verein/200
1090,az-alkmaar,Az Alkmaar,NL1,,27,23.1,11,40.7,7,AFAS Stadion,19478,+€4.11m,,https://www.transfermarkt.co.uk/az-alkmaar/startseite/verein/1090
234,feyenoord-rotterdam,Feyenoord Rotterdam,NL1,,26,23.5,16,61.5,11,"Stadion Feyenoord ""De Kuip""",47500,+€35.63m,,https://www.transfermarkt.co.uk/feyenoord-rotterdam/startseite/verein/234
383,psv-eindhoven,Psv Eindhoven,NL1,,25,25.1,15,60.0,9,Philips Stadion,35000,+€85.25m,,https://www.transfermarkt.co.uk/psv-eindhoven/startseite/verein/383
610,ajax-amsterdam,Ajax Amsterdam,NL1,,23,25.0,10,43.5,16,Johan Cruijff ArenA,55600,+€103.12m,,https://www.transfermarkt.co.uk/ajax-amsterdam/startseite/verein/610
1005,us-lecce,Us Lecce,IT1,,31,24.4,19,61.3,6,Ettore Giardiniero,31559,€-3.23m,,https://www.transfermarkt.co.uk/us-lecce/startseite/verein/1005
133,sc-cambuur-leeuwarden,Sc Cambuur Leeuwarden,NL1,,29,25.6,12,41.4,6,Cambuurstadion,10250,€-550k,,https://www.transfermarkt.co.uk/sc-cambuur-leeuwarden/startseite/verein/133
3522,spezia-calcio,Spezia Calcio,IT1,,29,25.7,22,75.9,12,Alberto Picco,11512,+€19.36m,,https://www.transfermarkt.co.uk/spezia-calcio/startseite/verein/3522
306,sc-heerenveen,Sc Heerenveen,NL1,,26,24.3,12,46.2,2,Abe Lenstra Stadion,27224,+€4.95m,,https://www.transfermarkt.co.uk/sc-heerenveen/startseite/verein/306
380,us-salernitana-1919,Us Salernitana 1919,IT1,,27,26.5,17,63.0,11,Arechi,29739,€-23.83m,,https://www.transfermarkt.co.uk/us-salernitana-1919/startseite/verein/380
235,rkc-waalwijk,Rkc Waalwijk,NL1,,28,25.9,16,57.1,5,Mandemakers Stadion,7508,+€3.00m,,https://www.transfermarkt.co.uk/rkc-waalwijk/startseite/verein/235
798,sbv-excelsior-rotterdam,Sbv Excelsior Rotterdam,NL1,,28,23.3,9,32.1,1,Van Donge & De Roo Stadion - Woudestein,4400,+€2.63m,,https://www.transfermarkt.co.uk/sbv-excelsior-rotterdam/startseite/verein/798
1025,fc-bologna,Fc Bologna,IT1,,31,25.4,20,64.5,11,Stadio Renato Dall’Ara,36462,+€8.48m,,https://www.transfermarkt.co.uk/fc-bologna/startseite/verein/1025
749,fc-empoli,Fc Empoli,IT1,,30,24.9,14,46.7,9,Carlo Castellani,19847,+€16.72m,,https://www.transfermarkt.co.uk/fc-empoli/startseite/verein/749
2919,ac-monza,Ac Monza,IT1,,31,26.8,9,29.0,5,U-Power Stadium - Brianteo,15039,€-41.10m,,https://www.transfermarkt.co.uk/ac-monza/startseite/verein/2919
430,ac-florenz,Ac Florenz,IT1,,26,26.2,14,53.8,11,Artemio Franchi,47282,+€11.10m,,https://www.transfermarkt.co.uk/ac-florenz/startseite/verein/430
398,lazio-rom,Lazio Rom,IT1,,27,26.7,17,63.0,10,Olimpico di Roma,73261,€-3.57m,,https://www.transfermarkt.co.uk/lazio-rom/startseite/verein/398
800,atalanta-bergamo,Atalanta Bergamo,IT1,,25,26.3,17,68.0,14,Gewiss Stadium,19768,+€5.85m,,https://www.transfermarkt.co.uk/atalanta-bergamo/startseite/verein/800
12,as-rom,As Rom,IT1,,28,25.9,19,67.9,16,Olimpico di Roma,73261,+€58.10m,,https://www.transfermarkt.co.uk/as-rom/startseite/verein/12
506,juventus-turin,Juventus Turin,IT1,,27,26.9,16,59.3,19,Allianz Stadium,41507,+€4.53m,,https://www.transfermarkt.co.uk/juventus-turin/startseite/verein/506
6574,us-sassuolo,Us Sassuolo,IT1,,26,25.5,15,57.7,8,Mapei Stadium - Città del Tricolore,21584,+€22.05m,,https://www.transfermarkt.co.uk/us-sassuolo/startseite/verein/6574
46,inter-mailand,Inter Mailand,IT1,,27,28.1,16,59.3,15,Giuseppe Meazza,75923,€-31.00m,,https://www.transfermarkt.co.uk/inter-mailand/startseite/verein/46
499,vitesse-arnheim,Vitesse Arnheim,NL1,,28,23.6,13,46.4,4,GelreDome,21248,€-1.20m,,https://www.transfermarkt.co.uk/vitesse-arnheim/startseite/verein/499
5,ac-mailand,Ac Mailand,IT1,,31,26.5,25,80.6,18,Giuseppe Meazza,75923,€-35.62m,,https://www.transfermarkt.co.uk/ac-mailand/startseite/verein/5
924,istanbulspor,Istanbulspor,TR1,,30,24.2,15,50.0,4,Esenyurt Necmi Kadıoğlu Stadyumu,7500,+€2.00m,,https://www.transfermarkt.co.uk/istanbulspor/startseite/verein/924
24245,umraniyespor,Umraniyespor,TR1,,27,28.1,13,48.1,2,Ümraniye Belediyesi Şehir Stadı,3513,+-0,,https://www.transfermarkt.co.uk/umraniyespor/startseite/verein/24245
7775,hatayspor,Hatayspor,TR1,,21,28.1,9,42.9,4,Yeni Hatay Stadyumu,25000,€-410k,,https://www.transfermarkt.co.uk/hatayspor/startseite/verein/7775
276,hellas-verona,Hellas Verona,IT1,,29,26.1,18,62.1,5,Marcantonio Bentegodi,39211,€-5.34m,,https://www.transfermarkt.co.uk/hellas-verona/startseite/verein/276
410,udinese-calcio,Udinese Calcio,IT1,,26,24.9,21,80.8,8,Dacia Arena,25144,+€9.30m,,https://www.transfermarkt.co.uk/udinese-calcio/startseite/verein/410
2381,sivasspor,Sivasspor,TR1,,29,29.0,17,58.6,5,Yeni 4 Eylül Stadı,27532,€-100k,,https://www.transfermarkt.co.uk/sivasspor/startseite/verein/2381
868,mke-ankaragucu,Mke Ankaragucu,TR1,,27,25.8,15,55.6,4,Eryaman Stadyumu,20560,€-1.55m,,https://www.transfermarkt.co.uk/mke-ankaragucu/startseite/verein/868
6646,fatih-karagumruk,Fatih Karagumruk,TR1,,30,26.2,17,56.7,5,Atatürk Olimpiyat,74753,+€1.83m,,https://www.transfermarkt.co.uk/fatih-karagumruk/startseite/verein/6646
416,fc-turin,Fc Turin,IT1,,28,24.4,23,82.1,16,Stadio Olimpico Grande Torino,28177,+€21.27m,,https://www.transfermarkt.co.uk/fc-turin/startseite/verein/416
10484,kasimpasa,Kasimpasa,TR1,,32,27.3,17,53.1,4,Recep Tayyip Erdoğan Stadyumu,13856,+€4.80m,,https://www.transfermarkt.co.uk/kasimpasa/startseite/verein/10484
2293,konyaspor,Konyaspor,TR1,,27,27.0,14,51.9,6,Medaş Konya Büyükşehir Stadyumu,42000,+€6.76m,,https://www.transfermarkt.co.uk/konyaspor/startseite/verein/2293
3840,adana-demirspor,Adana Demirspor,TR1,,30,27.5,16,53.3,4,Yeni Adana Stadyumu,33000,+€6.12m,,https://www.transfermarkt.co.uk/adana-demirspor/startseite/verein/3840
11282,alanyaspor,Alanyaspor,TR1,,30,25.7,14,46.7,5,Kırbıyık Holding Stadyumu,10128,+-0,,https://www.transfermarkt.co.uk/alanyaspor/startseite/verein/11282
2832,gaziantep-fk,Gaziantep Fk,TR1,,12,25.3,8,66.7,0,Kalyon Stadyumu,33502,+€192k,,https://www.transfermarkt.co.uk/gaziantep-fk/startseite/verein/2832
114,besiktas-istanbul,Besiktas Istanbul,TR1,,28,27.8,15,53.6,13,Vodafone Park,42590,€-15.55m,,https://www.transfermarkt.co.uk/besiktas-istanbul/startseite/verein/114
449,trabzonspor,Trabzonspor,TR1,,31,26.0,16,51.6,13,Şenol Güneş Spor Kompleksi,40782,+€13k,,https://www.transfermarkt.co.uk/trabzonspor/startseite/verein/449
141,galatasaray-istanbul,Galatasaray Istanbul,TR1,,29,25.8,16,55.2,11,Ali Sami Yen Spor Kompleksi NEF Stadyumu,52223,€-33.94m,,https://www.transfermarkt.co.uk/galatasaray-istanbul/startseite/verein/141
36,fenerbahce-istanbul,Fenerbahce Istanbul,TR1,,28,26.6,15,53.6,17,Ülker Stadyumu FB Şükrü Saraçoğlu Spor Kompleksi,47834,€-13.71m,,https://www.transfermarkt.co.uk/fenerbahce-istanbul/startseite/verein/36
11688,giresunspor,Giresunspor,TR1,,25,25.3,10,40.0,4,Çotanak Spor Kompleksi,21500,+€284k,,https://www.transfermarkt.co.uk/giresunspor/startseite/verein/11688
385,fortuna-sittard,Fortuna Sittard,NL1,,26,25.3,18,69.2,2,Fortuna Sittard Stadion,12500,+€400k,,https://www.transfermarkt.co.uk/fortuna-sittard/startseite/verein/385
1435,go-ahead-eagles-deventer,Go Ahead Eagles Deventer,NL1,,28,23.5,12,42.9,1,De Adelaarshorst,9909,+€750k,,https://www.transfermarkt.co.uk/go-ahead-eagles-deventer/startseite/verein/1435
3999,pas-lamia-1964,Pas Lamia 1964,GR1,,33,28.4,16,48.5,2,"Stadio Lamia ""Athanasios Diakos""",5500,+-0,,https://www.transfermarkt.co.uk/pas-lamia-1964/startseite/verein/3999
589,antalyaspor,Antalyaspor,TR1,,33,26.6,19,57.6,4,Corendon Airlines Park Antalya Stadı,32537,+€2.12m,,https://www.transfermarkt.co.uk/antalyaspor/startseite/verein/589
2672,apo-levadiakos,Apo Levadiakos,GR1,,31,27.5,19,61.3,1,Stadio Livadias,5915,+-0,,https://www.transfermarkt.co.uk/apo-levadiakos/startseite/verein/2672
653,ofi-kreta,Ofi Kreta,GR1,,31,26.4,16,51.6,1,Gipedo Theodoros Vardinogiannis,9088,+€700k,,https://www.transfermarkt.co.uk/ofi-kreta/startseite/verein/653
3060,atromitos-athen,Atromitos Athen,GR1,,27,25.7,13,48.1,2,Stadio Peristeriou,9050,+€1.50m,,https://www.transfermarkt.co.uk/atromitos-athen/startseite/verein/3060
605,aris-thessaloniki,Aris Thessaloniki,GR1,,30,26.9,22,73.3,8,"Gipedo ""Kleanthis Vikelidis""",22800,+€4.80m,,https://www.transfermarkt.co.uk/aris-thessaloniki/startseite/verein/605
265,panathinaikos-athen,Panathinaikos Athen,GR1,,30,26.7,21,70.0,10,Apostolos Nikolaidis,15000,€-3.17m,,https://www.transfermarkt.co.uk/panathinaikos-athen/startseite/verein/265
2671,pas-giannina,Pas Giannina,GR1,,32,24.9,15,46.9,0,Stadio Zosimades,7652,+€2.68m,,https://www.transfermarkt.co.uk/pas-giannina/startseite/verein/2671
1091,paok-thessaloniki,Paok Thessaloniki,GR1,,33,26.3,23,69.7,7,Toumba Stadium,28703,€-2.53m,,https://www.transfermarkt.co.uk/paok-thessaloniki/startseite/verein/1091
6890,istanbul-basaksehir-fk,Istanbul Basaksehir Fk,TR1,,29,26.8,14,48.3,8,Başakşehir Fatih Terim,17156,+€1.85m,,https://www.transfermarkt.co.uk/istanbul-basaksehir-fk/startseite/verein/6890
173,odense-boldklub,Odense Boldklub,DK1,,27,23.4,13,48.1,2,Nature Energy Park,15790,+€600k,,https://www.transfermarkt.co.uk/odense-boldklub/startseite/verein/173
3205,kayserispor,Kayserispor,TR1,,27,26.0,14,51.9,2,RHG Enertürk Enerji Stadyumu,32864,+€3.00m,,https://www.transfermarkt.co.uk/kayserispor/startseite/verein/3205
5724,randers-fc,Randers Fc,DK1,,24,25.5,12,50.0,1,Cepheus Park Randers,10300,+€1.39m,,https://www.transfermarkt.co.uk/randers-fc/startseite/verein/5724
678,aarhus-gf,Aarhus Gf,DK1,,22,25.4,9,40.9,1,Ceres Park,19433,+€130k,,https://www.transfermarkt.co.uk/aarhus-gf/startseite/verein/678
1053,aalborg-bk,Aalborg Bk,DK1,,27,24.3,9,33.3,0,Aalborg Portland Park,13800,+€2.17m,,https://www.transfermarkt.co.uk/aalborg-bk/startseite/verein/1053
60949,volos-nps,Volos Nps,GR1,,27,25.8,16,59.3,2,Panthessaliko Stadio,22700,+€1.27m,,https://www.transfermarkt.co.uk/volos-nps/startseite/verein/60949
865,fc-midtjylland,Fc Midtjylland,DK1,,28,23.8,15,53.6,7,MCH Arena,11535,+€24.19m,,https://www.transfermarkt.co.uk/fc-midtjylland/startseite/verein/865
206,brondby-if,Brondby If,DK1,,28,24.3,13,46.4,5,Brøndby Stadion,28000,€-9.89m,,https://www.transfermarkt.co.uk/brondby-if/startseite/verein/206
190,fc-kopenhagen,Fc Kopenhagen,DK1,,28,25.1,17,60.7,9,Parken,38065,+€9.24m,,https://www.transfermarkt.co.uk/fc-kopenhagen/startseite/verein/190
2441,aek-athen,Aek Athen,GR1,,31,27.1,20,64.5,12,OPAP Arena,31100,€-2.60m,,https://www.transfermarkt.co.uk/aek-athen/startseite/verein/2441
26459,nk-veres-rivne,Nk Veres Rivne,UKR1,,24,26.4,0,,0,Stadion Avangard (2022),10000,+€170k,,https://www.transfermarkt.co.uk/nk-veres-rivne/startseite/verein/26459
49364,ingulets-petrove,Ingulets Petrove,UKR1,,25,26.7,2,8.0,1,Stadion Ingulets,1720,+-0,,https://www.transfermarkt.co.uk/ingulets-petrove/startseite/verein/49364
6992,chornomorets-odessa,Chornomorets Odessa,UKR1,,24,27.0,3,12.5,0,Stadion Chornomorets (2011),34164,+-0,,https://www.transfermarkt.co.uk/chornomorets-odessa/startseite/verein/6992
3592,kryvbas-kryvyi-rig,Kryvbas Kryvyi Rig,UKR1,,26,25.7,3,11.5,0,Girnyk,2500,€-150k,,https://www.transfermarkt.co.uk/kryvbas-kryvyi-rig/startseite/verein/3592
55686,metalist-1925-kharkiv,Metalist 1925 Kharkiv,UKR1,,24,25.4,2,8.3,0,NSK Olimpisky,70050,+-0,,https://www.transfermarkt.co.uk/metalist-1925-kharkiv/startseite/verein/55686
48726,rukh-lviv,Rukh Lviv,UKR1,,27,23.2,6,22.2,0,Ukraina,28051,+€50k,,https://www.transfermarkt.co.uk/rukh-lviv/startseite/verein/48726
6418,panetolikos-gfs,Panetolikos Gfs,GR1,,31,25.4,13,41.9,5,Gipedo Panetolikou,7321,+€100k,,https://www.transfermarkt.co.uk/panetolikos-gfs/startseite/verein/6418
6195,ssc-neapel,Ssc Neapel,IT1,,27,26.0,19,70.4,19,Stadio Diego Armando Maradona,54726,+€12.90m,,https://www.transfermarkt.co.uk/ssc-neapel/startseite/verein/6195
2740,vorskla-poltava,Vorskla Poltava,UKR1,,26,25.6,8,30.8,1,Stadion Minaj,0,+€1.63m,,https://www.transfermarkt.co.uk/vorskla-poltava/startseite/verein/2740
6676,asteras-tripolis,Asteras Tripolis,GR1,,31,27.2,24,77.4,0,Gipedo Theodoros Kolokotronis,7423,+-0,,https://www.transfermarkt.co.uk/asteras-tripolis/startseite/verein/6676
18303,fk-oleksandriya,Fk Oleksandriya,UKR1,,27,24.8,1,3.7,0,KSK Nika,7000,+-0,,https://www.transfermarkt.co.uk/fk-oleksandriya/startseite/verein/18303
60551,sk-dnipro-1,Sk Dnipro 1,UKR1,,28,25.5,9,32.1,5,Avangard,10640,+€650k,,https://www.transfermarkt.co.uk/sk-dnipro-1/startseite/verein/60551
1177,silkeborg-if,Silkeborg If,DK1,,26,24.1,3,11.5,2,JYSK Park,10000,+€5.09m,,https://www.transfermarkt.co.uk/silkeborg-if/startseite/verein/1177
683,olympiakos-piraus,Olympiakos Piraus,GR1,,30,27.5,20,66.7,11,Stadio Georgios Karaiskakis,32115,€-10.40m,,https://www.transfermarkt.co.uk/olympiakos-piraus/startseite/verein/683
338,dynamo-kiew,Dynamo Kiew,UKR1,,33,24.7,6,18.2,8,Valeriy Lobanovsky Stadion,16873,+€24.85m,,https://www.transfermarkt.co.uk/dynamo-kiew/startseite/verein/338
399,leeds-united,Leeds United,GB1,,24,25.5,19,79.2,9,Elland Road,37890,€-32.09m,,https://www.transfermarkt.co.uk/leeds-united/startseite/verein/399
1148,fc-brentford,Fc Brentford,GB1,,24,25.5,19,79.2,12,Brentford Community Stadium,17250,€-47.90m,,https://www.transfermarkt.co.uk/fc-brentford/startseite/verein/1148
1237,brighton-amp-hove-albion,Brighton Amp Hove Albion,GB1,,24,24.8,17,70.8,12,AMEX Stadium,31800,+€82.17m,,https://www.transfermarkt.co.uk/brighton-amp-hove-albion/startseite/verein/1237
660,shakhtar-donetsk,Shakhtar Donetsk,UKR1,,31,24.6,5,16.1,9,Arena Lviv,34915,+€103.20m,,https://www.transfermarkt.co.uk/shakhtar-donetsk/startseite/verein/660
703,nottingham-forest,Nottingham Forest,GB1,,36,27.6,23,63.9,20,The City Ground,30445,€-179.25m,,https://www.transfermarkt.co.uk/nottingham-forest/startseite/verein/703
29,fc-everton,Fc Everton,GB1,,25,27.2,11,44.0,9,Goodison Park,39571,+€25.40m,,https://www.transfermarkt.co.uk/fc-everton/startseite/verein/29
10690,zorya-lugansk,Zorya Lugansk,UKR1,,25,24.2,0,,0,Valeriy Lobanovsky Stadion,16873,+€1.25m,,https://www.transfermarkt.co.uk/zorya-lugansk/startseite/verein/10690
83678,metal-kharkiv,Metal Kharkiv,UKR1,,24,26.2,3,12.5,0,Avangard,10640,€-820k,,https://www.transfermarkt.co.uk/metal-kharkiv/startseite/verein/83678
405,aston-villa,Aston Villa,GB1,,23,27.0,16,69.6,14,Villa Park,42682,€-46.14m,,https://www.transfermarkt.co.uk/aston-villa/startseite/verein/405
48332,kolos-kovalivka,Kolos Kovalivka,UKR1,,24,27.3,2,8.3,1,Kolos,5050,+€670k,,https://www.transfermarkt.co.uk/kolos-kovalivka/startseite/verein/48332
61825,fk-minaj,Fk Minaj,UKR1,,24,26.1,2,8.3,0,Stadion Minaj,2000,+€100k,,https://www.transfermarkt.co.uk/fk-minaj/startseite/verein/61825
762,newcastle-united,Newcastle United,GB1,,29,27.1,17,58.6,11,St James' Park,52338,€-183.05m,,https://www.transfermarkt.co.uk/newcastle-united/startseite/verein/762
873,crystal-palace,Crystal Palace,GB1,,24,27.0,15,62.5,7,Selhurst Park,26047,€-41.15m,,https://www.transfermarkt.co.uk/crystal-palace/startseite/verein/873
2778,fc-nordsjaelland,Fc Nordsjaelland,DK1,,27,21.7,12,44.4,2,Right to Dream Park,10300,+€15.99m,,https://www.transfermarkt.co.uk/fc-nordsjaelland/startseite/verein/2778
11,fc-arsenal,Fc Arsenal,GB1,,23,25.1,16,69.6,18,Emirates Stadium,60704,€-168.56m,,https://www.transfermarkt.co.uk/fc-arsenal/startseite/verein/11
931,fc-fulham,Fc Fulham,GB1,,24,27.9,22,91.7,14,Craven Cottage,22384,€-49.60m,,https://www.transfermarkt.co.uk/fc-fulham/startseite/verein/931
631,fc-chelsea,Fc Chelsea,GB1,,33,25.0,22,66.7,22,Stamford Bridge,40853,€-543.66m,,https://www.transfermarkt.co.uk/fc-chelsea/startseite/verein/631
281,manchester-city,Manchester City,GB1,,24,26.8,16,66.7,17,Etihad Stadium,55017,+€11.70m,,https://www.transfermarkt.co.uk/manchester-city/startseite/verein/281
379,west-ham-united,West Ham United,GB1,,22,28.0,16,72.7,14,London Stadium,62500,€-172.45m,,https://www.transfermarkt.co.uk/west-ham-united/startseite/verein/379
2759,ross-county-fc,Ross County Fc,SC1,,26,25.6,17,65.4,0,Global Energy Stadium,6541,€-91k,,https://www.transfermarkt.co.uk/ross-county-fc/startseite/verein/2759
465,st-mirren-fc,St Mirren Fc,SC1,,22,26.7,13,59.1,6,The SMISA Stadium,8023,+€339k,,https://www.transfermarkt.co.uk/st-mirren-fc/startseite/verein/465
1241,livingston-fc,Livingston Fc,SC1,,23,26.9,11,47.8,0,Tony Macaroni Arena,9512,+-0,,https://www.transfermarkt.co.uk/livingston-fc/startseite/verein/1241
987,motherwell-fc,Motherwell Fc,SC1,,27,26.0,18,66.7,3,Fir Park,13750,+€225k,,https://www.transfermarkt.co.uk/motherwell-fc/startseite/verein/987
2578,st-johnstone-fc,St Johnstone Fc,SC1,,29,27.5,11,37.9,4,McDiarmid Park,10696,+-0,,https://www.transfermarkt.co.uk/st-johnstone-fc/startseite/verein/2578
370,aberdeen-fc,Aberdeen Fc,SC1,,26,24.6,20,76.9,4,Pittodrie Stadium,22199,+€6.69m,,https://www.transfermarkt.co.uk/aberdeen-fc/startseite/verein/370
180,fc-southampton,Fc Southampton,GB1,,30,25.3,21,70.0,15,St Mary's Stadium,32384,€-138.15m,,https://www.transfermarkt.co.uk/fc-southampton/startseite/verein/180
43,heart-of-midlothian-fc,Heart Of Midlothian Fc,SC1,,29,26.3,16,55.2,9,Tynecastle Park,19852,€-870k,,https://www.transfermarkt.co.uk/heart-of-midlothian-fc/startseite/verein/43
371,celtic-glasgow,Celtic Glasgow,SC1,,26,25.9,19,73.1,16,Celtic Park,60832,€-16.63m,,https://www.transfermarkt.co.uk/celtic-glasgow/startseite/verein/371
1003,leicester-city,Leicester City,GB1,,27,26.8,19,70.4,17,King Power Stadium,32273,+€33.40m,,https://www.transfermarkt.co.uk/leicester-city/startseite/verein/1003
366,real-valladolid,Real Valladolid,ES1,,24,27.7,10,41.7,6,Nuevo José Zorrilla,27618,€-5.00m,,https://www.transfermarkt.co.uk/real-valladolid/startseite/verein/366
543,wolverhampton-wanderers,Wolverhampton Wanderers,GB1,,28,25.9,24,85.7,12,Molineux Stadium,32050,€-116.74m,,https://www.transfermarkt.co.uk/wolverhampton-wanderers/startseite/verein/543
237,rcd-mallorca,Rcd Mallorca,ES1,,25,27.7,14,56.0,9,Mallorca Son Moix,20500,€-8.80m,,https://www.transfermarkt.co.uk/rcd-mallorca/startseite/verein/237
367,rayo-vallecano,Rayo Vallecano,ES1,,25,28.4,8,32.0,6,Campo de Fútbol de Vallecas,15105,€-11.10m,,https://www.transfermarkt.co.uk/rayo-vallecano/startseite/verein/367
3302,ud-almeria,Ud Almeria,ES1,,27,25.6,14,51.9,3,Power Horse Stadium,15274,€-14.88m,,https://www.transfermarkt.co.uk/ud-almeria/startseite/verein/3302
714,espanyol-barcelona,Espanyol Barcelona,ES1,,27,25.7,7,25.9,4,RCDE Stadium,40500,€-5.80m,,https://www.transfermarkt.co.uk/espanyol-barcelona/startseite/verein/714
12321,fc-girona,Fc Girona,ES1,,25,26.4,11,44.0,3,Montilivi,13286,€-15.00m,,https://www.transfermarkt.co.uk/fc-girona/startseite/verein/12321
331,ca-osasuna,Ca Osasuna,ES1,,21,28.0,4,19.0,2,El Sadar,23576,€-2.00m,,https://www.transfermarkt.co.uk/ca-osasuna/startseite/verein/331
903,hibernian-fc,Hibernian Fc,SC1,,24,26.0,15,62.5,4,Easter Road Stadium,20250,+€4.23m,,https://www.transfermarkt.co.uk/hibernian-fc/startseite/verein/903
3709,fc-getafe,Fc Getafe,ES1,,25,27.4,12,48.0,9,Coliseum Alfonso Pérez,16800,€-750k,,https://www.transfermarkt.co.uk/fc-getafe/startseite/verein/3709
621,athletic-bilbao,Athletic Bilbao,ES1,,25,27.5,1,4.0,4,San Mamés,53289,+-0,,https://www.transfermarkt.co.uk/athletic-bilbao/startseite/verein/621
368,fc-sevilla,Fc Sevilla,ES1,,24,28.6,18,75.0,11,Ramón Sánchez-Pizjuán,43883,+€62.10m,,https://www.transfermarkt.co.uk/fc-sevilla/startseite/verein/368
1049,fc-valencia,Fc Valencia,ES1,,25,25.0,14,56.0,9,Mestalla,48600,+€42.10m,,https://www.transfermarkt.co.uk/fc-valencia/startseite/verein/1049
150,real-betis-sevilla,Real Betis Sevilla,ES1,,26,28.7,13,50.0,10,Benito Villamarín,59378,€-10.25m,,https://www.transfermarkt.co.uk/real-betis-sevilla/startseite/verein/150
1050,fc-villarreal,Fc Villarreal,ES1,,22,28.4,9,40.9,8,La Cerámica,23500,+€25.12m,,https://www.transfermarkt.co.uk/fc-villarreal/startseite/verein/1050
681,real-sociedad-san-sebastian,Real Sociedad San Sebastian,ES1,,26,25.4,5,19.2,3,Reale Arena,39313,+€27.50m,,https://www.transfermarkt.co.uk/real-sociedad-san-sebastian/startseite/verein/681
2553,kilmarnock-fc,Kilmarnock Fc,SC1,,26,25.6,15,57.7,1,"BBSP Stadium, Rugby Park",18128,+-0,,https://www.transfermarkt.co.uk/kilmarnock-fc/startseite/verein/2553
131,fc-barcelona,Fc Barcelona,ES1,,22,25.1,9,40.9,18,Spotify Camp Nou,99354,€-119.00m,,https://www.transfermarkt.co.uk/fc-barcelona/startseite/verein/131
418,real-madrid,Real Madrid,ES1,,23,28.0,16,69.6,14,Santiago Bernabéu,81044,+€12.15m,,https://www.transfermarkt.co.uk/real-madrid/startseite/verein/418
80,vfl-bochum,Vfl Bochum,L1,,28,27.9,17,60.7,7,Vonovia Ruhrstadion,26000,+€14.27m,,https://www.transfermarkt.co.uk/vfl-bochum/startseite/verein/80
33,fc-schalke-04,Fc Schalke 04,L1,,33,27.1,18,54.5,5,Veltins-Arena,62271,+€11.12m,,https://www.transfermarkt.co.uk/fc-schalke-04/startseite/verein/33
86,sv-werder-bremen,Sv Werder Bremen,L1,,26,24.9,9,34.6,6,Wohninvest-Weserstadion,42100,€-2.15m,,https://www.transfermarkt.co.uk/sv-werder-bremen/startseite/verein/86
1531,fc-elche,Fc Elche,ES1,,26,27.5,10,38.5,3,Manuel Martínez Valero,31388,€-7.66m,,https://www.transfermarkt.co.uk/fc-elche/startseite/verein/1531
44,hertha-bsc,Hertha Bsc,L1,,28,26.0,16,57.1,8,Olympiastadion Berlin,74667,+€16.50m,,https://www.transfermarkt.co.uk/hertha-bsc/startseite/verein/44
167,fc-augsburg,Fc Augsburg,L1,,32,25.0,19,59.4,6,WWK ARENA,30660,€-4.95m,,https://www.transfermarkt.co.uk/fc-augsburg/startseite/verein/167
39,1-fsv-mainz-05,1 Fsv Mainz 05,L1,,27,24.8,13,48.1,8,Mewa Arena,33305,€-50k,,https://www.transfermarkt.co.uk/1-fsv-mainz-05/startseite/verein/39
89,1-fc-union-berlin,1 Fc Union Berlin,L1,,27,27.2,13,48.1,7,Stadion An der Alten Försterei,22012,+€6.02m,,https://www.transfermarkt.co.uk/1-fc-union-berlin/startseite/verein/89
79,vfb-stuttgart,Vfb Stuttgart,L1,,29,23.5,16,55.2,6,Mercedes-Benz Arena,60449,+€37.81m,,https://www.transfermarkt.co.uk/vfb-stuttgart/startseite/verein/79
124,glasgow-rangers,Glasgow Rangers,SC1,,33,26.6,23,69.7,12,Ibrox Stadium,50987,+€16.62m,,https://www.transfermarkt.co.uk/glasgow-rangers/startseite/verein/124
533,tsg-1899-hoffenheim,Tsg 1899 Hoffenheim,L1,,31,25.5,17,54.8,9,PreZero Arena,30150,+€40.40m,,https://www.transfermarkt.co.uk/tsg-1899-hoffenheim/startseite/verein/533
13,atletico-madrid,Atletico Madrid,ES1,,22,28.4,15,68.2,16,Civitas Metropolitano,68456,€-9.25m,,https://www.transfermarkt.co.uk/atletico-madrid/startseite/verein/13
18,borussia-monchengladbach,Borussia Monchengladbach,L1,,27,25.6,15,55.6,12,Stadion im Borussia-Park,54042,€-2.00m,,https://www.transfermarkt.co.uk/borussia-monchengladbach/startseite/verein/18
985,manchester-united,Manchester United,GB1,,32,25.6,20,62.5,18,Old Trafford,74879,€-230.03m,,https://www.transfermarkt.co.uk/manchester-united/startseite/verein/985
148,tottenham-hotspur,Tottenham Hotspur,GB1,,25,26.4,17,68.0,15,Tottenham Hotspur Stadium,62062,€-139.15m,,https://www.transfermarkt.co.uk/tottenham-hotspur/startseite/verein/148
31,fc-liverpool,Fc Liverpool,GB1,,30,26.5,21,70.0,18,Anfield,54074,€-56.60m,,https://www.transfermarkt.co.uk/fc-liverpool/startseite/verein/31
60,sc-freiburg,Sc Freiburg,L1,,26,26.0,10,38.5,10,Europa-Park Stadion,34700,+€5.43m,,https://www.transfermarkt.co.uk/sc-freiburg/startseite/verein/60
82,vfl-wolfsburg,Vfl Wolfsburg,L1,,25,24.4,15,60.0,9,Volkswagen Arena,30000,€-12.05m,,https://www.transfermarkt.co.uk/vfl-wolfsburg/startseite/verein/82
3,1-fc-koln,1 Fc Koln,L1,,34,24.4,10,29.4,6,RheinEnergieSTADION,50000,+€5.52m,,https://www.transfermarkt.co.uk/1-fc-koln/startseite/verein/3
290,aj-auxerre,Aj Auxerre,FR1,,33,25.5,20,60.6,9,Stade de l'Abbé-Deschamps,18541,€-1.25m,,https://www.transfermarkt.co.uk/aj-auxerre/startseite/verein/290
24,eintracht-frankfurt,Eintracht Frankfurt,L1,,30,25.0,18,60.0,11,Deutsche Bank Park,51500,€-11.20m,,https://www.transfermarkt.co.uk/eintracht-frankfurt/startseite/verein/24
1420,sco-angers,Sco Angers,FR1,,31,24.8,15,48.4,6,Stade Raymond Kopa,19350,+€31.00m,,https://www.transfermarkt.co.uk/sco-angers/startseite/verein/1420
1421,stade-reims,Stade Reims,FR1,,22,25.2,16,72.7,6,Stade Auguste-Delaune,21684,+€12.70m,,https://www.transfermarkt.co.uk/stade-reims/startseite/verein/1421
3911,stade-brest-29,Stade Brest 29,FR1,,26,25.2,9,34.6,2,Stade Francis-Le Blé,15097,€-3.25m,,https://www.transfermarkt.co.uk/stade-brest-29/startseite/verein/3911
1095,es-troyes-ac,Es Troyes Ac,FR1,,27,25.1,13,48.1,4,Stade de l'Aube,21877,€-14.80m,,https://www.transfermarkt.co.uk/es-troyes-ac/startseite/verein/1095
1158,fc-lorient,Fc Lorient,FR1,,26,24.5,12,46.2,7,Stade du Moustoir,19010,+€9.15m,,https://www.transfermarkt.co.uk/fc-lorient/startseite/verein/1158
940,celta-vigo,Celta Vigo,ES1,,23,27.0,11,47.8,5,Abanca Balaídos,29000,€-5.15m,,https://www.transfermarkt.co.uk/celta-vigo/startseite/verein/940
969,montpellier-hsc,Montpellier Hsc,FR1,,28,25.4,12,42.9,6,Stade de la Mosson,32939,+€500k,,https://www.transfermarkt.co.uk/montpellier-hsc/startseite/verein/969
995,fc-nantes,Fc Nantes,FR1,,27,26.1,11,40.7,7,Stade de la Beaujoire,37463,€-12.45m,,https://www.transfermarkt.co.uk/fc-nantes/startseite/verein/995
667,rc-strassburg-alsace,Rc Strassburg Alsace,FR1,,25,26.6,10,40.0,7,Stade de la Meinau,29000,+€3.90m,,https://www.transfermarkt.co.uk/rc-strassburg-alsace/startseite/verein/667
1082,losc-lille,Losc Lille,FR1,,23,25.7,14,60.9,8,Decathlon Arena-Stade Pierre-Mauroy,50186,+€75.50m,,https://www.transfermarkt.co.uk/losc-lille/startseite/verein/1082
27,fc-bayern-munchen,Fc Bayern Munchen,L1,,27,26.1,17,63.0,23,Allianz Arena,75024,€-41.40m,,https://www.transfermarkt.co.uk/fc-bayern-munchen/startseite/verein/27
417,ogc-nizza,Ogc Nizza,FR1,,26,24.3,16,61.5,9,Allianz Riviera,36178,€-39.60m,,https://www.transfermarkt.co.uk/ogc-nizza/startseite/verein/417
3524,clermont-foot-63,Clermont Foot 63,FR1,,24,25.8,14,58.3,7,Stade Gabriel-Montpied,13000,+€19.10m,,https://www.transfermarkt.co.uk/clermont-foot-63/startseite/verein/3524
273,fc-stade-rennes,Fc Stade Rennes,FR1,,28,24.3,13,46.4,10,Roazhon Park,29778,+€14.50m,,https://www.transfermarkt.co.uk/fc-stade-rennes/startseite/verein/273
583,fc-paris-saint-germain,Fc Paris Saint Germain,FR1,,26,25.1,16,61.5,12,Parc des Princes,49691,€-88.20m,,https://www.transfermarkt.co.uk/fc-paris-saint-germain/startseite/verein/583
6912,fc-vizela,Fc Vizela,PO1,,26,24.7,18,69.2,2,Estádio do Vizela,6565,+€900k,,https://www.transfermarkt.co.uk/fc-vizela/startseite/verein/6912
16,borussia-dortmund,Borussia Dortmund,L1,,33,24.4,16,48.5,14,SIGNAL IDUNA PARK,81365,€-25.10m,,https://www.transfermarkt.co.uk/borussia-dortmund/startseite/verein/16
2425,rio-ave-fc,Rio Ave Fc,PO1,,29,25.7,15,51.7,0,Estádio dos Arcos,9065,€-300k,,https://www.transfermarkt.co.uk/rio-ave-fc/startseite/verein/2425
15,bayer-04-leverkusen,Bayer 04 Leverkusen,L1,,28,25.0,20,71.4,13,BayArena,30210,€-5.60m,,https://www.transfermarkt.co.uk/bayer-04-leverkusen/startseite/verein/15
3268,casa-pia-ac,Casa Pia Ac,PO1,,29,26.2,20,69.0,5,Estádio Nacional do Jamor,41000,+€190k,,https://www.transfermarkt.co.uk/casa-pia-ac/startseite/verein/3268
1041,olympique-lyon,Olympique Lyon,FR1,,23,24.9,9,39.1,3,Groupama Stadium,59186,+€46.40m,,https://www.transfermarkt.co.uk/olympique-lyon/startseite/verein/1041
826,rc-lens,Rc Lens,FR1,,30,25.4,18,60.0,11,Stade Bollaert-Delelis,38223,+€13.24m,,https://www.transfermarkt.co.uk/rc-lens/startseite/verein/826
2503,boavista-porto-fc,Boavista Porto Fc,PO1,,29,25.1,16,55.2,8,Estádio do Bessa Sec. XXI,28263,+€12.25m,,https://www.transfermarkt.co.uk/boavista-porto-fc/startseite/verein/2503
1301,cs-maritimo,Cs Maritimo,PO1,,29,26.2,18,62.1,5,Estádio do Marítimo,10932,€-750k,,https://www.transfermarkt.co.uk/cs-maritimo/startseite/verein/1301
1465,gd-estoril-praia,Gd Estoril Praia,PO1,,30,24.3,15,50.0,2,Estádio António Coimbra da Mota,8000,+€7.77m,,https://www.transfermarkt.co.uk/gd-estoril-praia/startseite/verein/1465
7378,portimonense-sc,Portimonense Sc,PO1,,34,24.9,24,70.6,3,Portimonense Estádio,6000,+€10.60m,,https://www.transfermarkt.co.uk/portimonense-sc/startseite/verein/7378
2420,vitoria-guimaraes-sc,Vitoria Guimaraes Sc,PO1,,28,24.0,12,42.9,2,Estádio D. Afonso Henriques,29865,+€16.49m,,https://www.transfermarkt.co.uk/vitoria-guimaraes-sc/startseite/verein/2420
2995,fc-pacos-de-ferreira,Fc Pacos De Ferreira,PO1,,30,25.1,13,43.3,2,Estádio Capital do Móvel,9200,+€4.25m,,https://www.transfermarkt.co.uk/fc-pacos-de-ferreira/startseite/verein/2995
8024,fc-arouca,Fc Arouca,PO1,,27,25.6,21,77.8,1,Estádio Municipal de Arouca,5600,+€1.00m,,https://www.transfermarkt.co.uk/fc-arouca/startseite/verein/8024
2423,cd-santa-clara,Cd Santa Clara,PO1,,32,25.8,21,65.6,2,Estádio de São Miguel,15000,+€6.20m,,https://www.transfermarkt.co.uk/cd-santa-clara/startseite/verein/2423
720,fc-porto,Fc Porto,PO1,,28,26.3,15,53.6,9,Estádio do Dragão,50399,+€38.05m,,https://www.transfermarkt.co.uk/fc-porto/startseite/verein/720
3329,fc-famalicao,Fc Famalicao,PO1,,28,24.5,16,57.1,2,Estádio Municipal de Famalicão,5300,+€2.20m,,https://www.transfermarkt.co.uk/fc-famalicao/startseite/verein/3329
294,benfica-lissabon,Benfica Lissabon,PO1,,23,25.1,14,60.9,10,Estádio da Luz,65000,+€147.80m,,https://www.transfermarkt.co.uk/benfica-lissabon/startseite/verein/294
475,vv-st-truiden,Vv St Truiden,BE1,,24,26.4,15,62.5,3,Stayen,14600,+€3.00m,,https://www.transfermarkt.co.uk/vv-st-truiden/startseite/verein/475
3508,sv-zulte-waregem,Sv Zulte Waregem,BE1,,30,25.1,17,56.7,4,Elindus Arena,12250,€-150k,,https://www.transfermarkt.co.uk/sv-zulte-waregem/startseite/verein/3508
1245,kas-eupen,Kas Eupen,BE1,,32,23.2,22,68.8,8,Kehrweg-Stadion,8331,+€1.24m,,https://www.transfermarkt.co.uk/kas-eupen/startseite/verein/1245
23826,rasenballsport-leipzig,Rasenballsport Leipzig,L1,,27,25.2,17,63.0,18,Red Bull Arena,47069,+€16.32m,,https://www.transfermarkt.co.uk/rasenballsport-leipzig/startseite/verein/23826
2861,kv-oostende,Kv Oostende,BE1,,32,23.7,19,59.4,3,Diaz Arena,8432,+€9.60m,,https://www.transfermarkt.co.uk/kv-oostende/startseite/verein/2861
354,kv-mechelen,Kv Mechelen,BE1,,32,24.1,12,37.5,3,AFAS Stadion,16672,+€4.25m,,https://www.transfermarkt.co.uk/kv-mechelen/startseite/verein/354
968,kvc-westerlo,Kvc Westerlo,BE1,,27,26.0,16,59.3,4,Het Kuipje,8035,+€9.61m,,https://www.transfermarkt.co.uk/kvc-westerlo/startseite/verein/968
2727,oud-heverlee-leuven,Oud Heverlee Leuven,BE1,,23,25.2,12,52.2,4,King Power at Den Dreef Stadion,10020,€-1.90m,,https://www.transfermarkt.co.uk/oud-heverlee-leuven/startseite/verein/2727
520,cercle-brugge,Cercle Brugge,BE1,,24,23.5,15,62.5,4,Jan-Breydel-Stadion,29062,€-1.25m,,https://www.transfermarkt.co.uk/cercle-brugge/startseite/verein/520
172,rsc-charleroi,Rsc Charleroi,BE1,,24,23.9,15,62.5,7,Stade du Pays de Charleroi,15000,+€6.45m,,https://www.transfermarkt.co.uk/rsc-charleroi/startseite/verein/172
162,as-monaco,As Monaco,FR1,,27,24.0,27,100.0,9,Stade Louis-II,18523,+€113.50m,,https://www.transfermarkt.co.uk/as-monaco/startseite/verein/162
3948,royale-union-saint-gilloise,Royale Union Saint Gilloise,BE1,,24,24.7,17,70.8,5,Stade Joseph Mariën,8000,+€8.22m,,https://www.transfermarkt.co.uk/royale-union-saint-gilloise/startseite/verein/3948
1075,sc-braga,Sc Braga,PO1,,25,25.7,14,56.0,3,Estádio Municipal de Braga,30286,+€48.45m,,https://www.transfermarkt.co.uk/sc-braga/startseite/verein/1075
1096,royal-antwerpen-fc,Royal Antwerpen Fc,BE1,,26,24.8,14,53.8,5,De Bosuil,16144,€-11.41m,,https://www.transfermarkt.co.uk/royal-antwerpen-fc/startseite/verein/1096
58,rsc-anderlecht,Rsc Anderlecht,BE1,,26,24.3,12,46.2,8,Lotto Park,21500,+€22.90m,,https://www.transfermarkt.co.uk/rsc-anderlecht/startseite/verein/58
415,fc-toulouse,Fc Toulouse,FR1,,26,24.2,22,84.6,5,Stadium Municipal,33150,€-3.00m,,https://www.transfermarkt.co.uk/fc-toulouse/startseite/verein/415
2282,fc-brugge,Fc Brugge,BE1,,27,24.3,18,66.7,14,Jan-Breydel-Stadion,29062,+€8.30m,,https://www.transfermarkt.co.uk/fc-brugge/startseite/verein/2282
157,kaa-gent,Kaa Gent,BE1,,27,26.0,14,51.9,7,Ghelamco Arena,19999,€-2.45m,,https://www.transfermarkt.co.uk/kaa-gent/startseite/verein/157
14589,fk-orenburg,Fk Orenburg,RU1,,25,25.5,13,52.0,3,Gazovik,10046,€-5.58m,,https://www.transfermarkt.co.uk/fk-orenburg/startseite/verein/14589
49702,fk-nizhny-novgorod,Fk Nizhny Novgorod,RU1,,25,25.7,5,20.0,1,Nizhny Novgorod Stadium,44242,+€230k,,https://www.transfermarkt.co.uk/fk-nizhny-novgorod/startseite/verein/49702
11127,ural-ekaterinburg,Ural Ekaterinburg,RU1,,29,26.7,10,34.5,1,Yekaterinburg Arena,23000,€-1.24m,,https://www.transfermarkt.co.uk/ural-ekaterinburg/startseite/verein/11127
3725,akhmat-grozny,Akhmat Grozny,RU1,,29,25.9,10,34.5,2,Akhmat-Arena,30200,€-4.40m,,https://www.transfermarkt.co.uk/akhmat-grozny/startseite/verein/3725
41231,fk-sochi,Fk Sochi,RU1,,26,27.5,6,23.1,2,Fisht Olympic Stadium,45994,+€5.97m,,https://www.transfermarkt.co.uk/fk-sochi/startseite/verein/41231
3719,fk-khimki,Fk Khimki,RU1,,25,25.4,12,48.0,1,Arena Khimki,18636,€-892k,,https://www.transfermarkt.co.uk/fk-khimki/startseite/verein/3719
336,sporting-lissabon,Sporting Lissabon,PO1,,31,24.1,16,51.6,6,Estádio José Alvalade XXI,50080,+€70.35m,,https://www.transfermarkt.co.uk/sporting-lissabon/startseite/verein/336
3057,standard-luttich,Standard Luttich,BE1,,25,24.0,12,48.0,4,Maurice Dufrasne Stadion,27670,+€1.61m,,https://www.transfermarkt.co.uk/standard-luttich/startseite/verein/3057
232,spartak-moskau,Spartak Moskau,RU1,,26,24.6,8,30.8,8,Otkrytie Bank Arena,44571,+€214k,,https://www.transfermarkt.co.uk/spartak-moskau/startseite/verein/232
2715,rfc-seraing,Rfc Seraing,BE1,,27,23.6,18,66.7,3,Stade du Paray,6744,+-0,,https://www.transfermarkt.co.uk/rfc-seraing/startseite/verein/2715
601,kv-kortrijk,Kv Kortrijk,BE1,,29,25.1,21,72.4,5,Guldensporenstadion,9399,€-459k,,https://www.transfermarkt.co.uk/kv-kortrijk/startseite/verein/601
121,dinamo-moskau,Dinamo Moskau,RU1,,23,24.7,9,39.1,8,VTB-Arena,25716,€-6.38m,,https://www.transfermarkt.co.uk/dinamo-moskau/startseite/verein/121
16704,fk-krasnodar,Fk Krasnodar,RU1,,24,24.5,12,50.0,6,Stadion Krasnodar,35179,+€1.66m,,https://www.transfermarkt.co.uk/fk-krasnodar/startseite/verein/16704
2696,krylya-sovetov-samara,Krylya Sovetov Samara,RU1,,27,24.5,6,22.2,5,Solidarnost Samara Arena,42347,+€3.03m,,https://www.transfermarkt.co.uk/krylya-sovetov-samara/startseite/verein/2696
2424,gil-vicente-fc,Gil Vicente Fc,PO1,,26,25.3,18,69.2,4,Estádio Cidade de Barcelos,12046,+€5.35m,,https://www.transfermarkt.co.uk/gil-vicente-fc/startseite/verein/2424
1184,krc-genk,Krc Genk,BE1,,28,22.4,18,64.3,10,Cegeka Arena,24956,+€34.22m,,https://www.transfermarkt.co.uk/krc-genk/startseite/verein/1184
964,zenit-st-petersburg,Zenit St Petersburg,RU1,,23,26.3,10,43.5,8,Gazprom Arena,63026,€-7.17m,,https://www.transfermarkt.co.uk/zenit-st-petersburg/startseite/verein/964
